﻿<parameters>
  <parameter name="IIS Web Application Name" defaultValue="Default Web Site/BoatJourney" tags="IisApp">
    <parameterEntry kind="ProviderPath" scope="IisApp" match="^C:\\Project\ folder\ \+\ Git\ Folder\\dvbprojects\\schoolprojects\\BoatJourney\\SailTravel\\obj\\Debug\\Package\\PackageTmp$" />
    <parameterEntry kind="ProviderPath" scope="setAcl" match="^C:\\Project\ folder\ \+\ Git\ Folder\\dvbprojects\\schoolprojects\\BoatJourney\\SailTravel\\obj\\Debug\\Package\\PackageTmp$" />
  </parameter>
  <parameter name="BoatJourneyEntities-Web.config Connection String" defaultValue="data source=DESKTOP-6PAIPNF;initial catalog=BoatJourneyEntities;integrated security=True;MultipleActiveResultSets=True;App=EntityFramework">
    <parameterEntry kind="XmlFile" scope="C:\\Project\ folder\ \+\ Git\ Folder\\dvbprojects\\schoolprojects\\BoatJourney\\SailTravel\\obj\\Debug\\Package\\PackageTmp\\Web\.config$" match="/configuration/connectionStrings/add[@name='BoatJourneyEntities']/@connectionString" />
  </parameter>
  <parameter name="DefaultConnection-Web.config Connection String" defaultValue="Data Source=(LocalDb)\MSSQLLocalDB;AttachDbFilename=|DataDirectory|\aspnet-BoatJourney-20171008111155.mdf;Initial Catalog=aspnet-BoatJourney-20171008111155;Integrated Security=True">
    <parameterEntry kind="XmlFile" scope="C:\\Project\ folder\ \+\ Git\ Folder\\dvbprojects\\schoolprojects\\BoatJourney\\SailTravel\\obj\\Debug\\Package\\PackageTmp\\Web\.config$" match="/configuration/connectionStrings/add[@name='DefaultConnection']/@connectionString" />
  </parameter>
</parameters>